Host Address,IP Address,MAC Address
10.40.32.1/24,10.40.32.1,d4:1d:71:61:2e:11
10.40.32.1/24,10.40.32.3,00:1a:1e:03:cf:98
10.40.32.1/24,10.40.32.4,00:1a:1e:03:02:d0
10.40.32.1/24,10.40.32.13,26:cd:e4:77:aa:23
10.40.32.1/24,10.40.32.17,40:f6:bc:22:db:53
10.40.32.1/24,10.40.32.15,3c:22:fb:62:f8:5a
10.40.32.1/24,10.40.32.21,f0:81:73:05:34:96
10.40.32.1/24,10.40.32.20,7e:4b:b6:1f:1f:2a
10.40.32.1/24,10.40.32.23,22:8e:fc:64:e3:34
10.40.32.1/24,10.40.32.18,ae:f6:67:ed:8f:5a
10.40.32.1/24,10.40.32.19,26:07:06:17:ef:f9
10.40.32.1/24,10.40.32.38,fa:ed:82:90:6d:4e
10.40.32.1/24,10.40.32.39,d8:a2:5e:92:c7:c7
10.40.32.1/24,10.40.32.37,82:99:83:13:c3:8a
10.40.32.1/24,10.40.32.41,fc:49:2d:36:3b:4f
10.40.32.1/24,10.40.32.255,b4:e4:54:b2:3b:9d
10.40.32.1/24,10.40.32.222,66:cc:23:0b:9d:de
10.40.32.1/24,10.40.32.245,90:9c:4a:bd:65:b9
10.40.32.1/24,10.40.32.252,1c:57:dc:3e:ab:54
10.40.32.1/24,10.40.32.250,de:da:a1:f7:e5:a3
10.40.32.1/24,10.40.32.248,86:41:e5:67:52:a0
